{"stats":{"minecraft:mined":{"minecraft:short_grass":3,"minecraft:oak_log":5,"minecraft:white_bed":1,"minecraft:tall_grass":1,"minecraft:crafting_table":2},"minecraft:killed":{"minecraft:sheep":4,"minecraft:cow":1},"minecraft:custom":{"minecraft:time_since_rest":5858,"minecraft:play_time":10597,"minecraft:sprint_one_cm":42980,"minecraft:walk_one_cm":24506,"minecraft:mob_kills":5,"minecraft:drop":1,"minecraft:jump":130,"minecraft:damage_dealt":590,"minecraft:leave_game":2,"minecraft:walk_on_water_one_cm":67,"minecraft:time_since_death":10597,"minecraft:sleep_in_bed":1,"minecraft:total_world_time":10597,"minecraft:interact_with_crafting_table":2,"minecraft:fall_one_cm":2775,"minecraft:fly_one_cm":24343},"minecraft:dropped":{"minecraft:wheat_seeds":1},"minecraft:crafted":{"minecraft:wooden_sword":1,"minecraft:white_bed":1,"minecraft:oak_planks":20,"minecraft:crafting_table":1,"minecraft:stick":4,"minecraft:wooden_pickaxe":1},"minecraft:picked_up":{"minecraft:crafting_table":2,"minecraft:wheat_seeds":1,"minecraft:beef":2,"minecraft:oak_log":5,"minecraft:white_bed":1,"minecraft:mutton":7,"minecraft:white_wool":4},"minecraft:used":{"minecraft:wooden_sword":12,"minecraft:mutton":4,"minecraft:crafting_table":2,"minecraft:white_bed":1}},"DataVersion":3953}