{"stats":{"minecraft:used":{"minecraft:crafting_table":1},"minecraft:crafted":{"minecraft:crafting_table":1,"minecraft:oak_planks":20},"minecraft:mined":{"minecraft:oak_log":5},"minecraft:custom":{"minecraft:jump":46,"minecraft:time_since_rest":3127,"minecraft:damage_dealt":100,"minecraft:sprint_one_cm":9055,"minecraft:play_time":3127,"minecraft:time_since_death":3127,"minecraft:walk_one_cm":5604,"minecraft:total_world_time":3127,"minecraft:mob_kills":1,"minecraft:interact_with_crafting_table":1,"minecraft:fall_one_cm":418,"minecraft:fly_one_cm":5593},"minecraft:picked_up":{"minecraft:beef":2,"minecraft:oak_log":5},"minecraft:killed":{"minecraft:cow":1}},"DataVersion":3953}